iso,country,bloc_primary,bloc_detail,color
AF,Afghanistan,NON_ALIGNED,NON_ALIGNED,grey
AL,Albania,US,NATO,blue
DZ,Algeria,NON_ALIGNED,NON_ALIGNED,grey
AD,Andorra,NON_ALIGNED,NON_ALIGNED,grey
AO,Angola,NON_ALIGNED,NON_ALIGNED,grey
AG,Antigua and Barbuda,NON_ALIGNED,NON_ALIGNED,grey
AR,Argentina,NON_ALIGNED,NON_ALIGNED,grey
AM,Armenia,NON_ALIGNED,NON_ALIGNED,grey
AU,Australia,US,US_ALLIED,blue
AT,Austria,NON_ALIGNED,NON_ALIGNED,grey
AZ,Azerbaijan,NON_ALIGNED,NON_ALIGNED,grey
BS,Bahamas,NON_ALIGNED,NON_ALIGNED,grey
BH,Bahrain,US,US_ALLIED,blue
BD,Bangladesh,NON_ALIGNED,NON_ALIGNED,grey
BB,Barbados,NON_ALIGNED,NON_ALIGNED,grey
BY,Belarus,RUS,RUSSIAN_BLOC,red
BE,Belgium,US,NATO,blue
BZ,Belize,NON_ALIGNED,NON_ALIGNED,grey
BJ,Benin,NON_ALIGNED,NON_ALIGNED,grey
BT,Bhutan,NON_ALIGNED,NON_ALIGNED,grey
BO,Bolivia,NON_ALIGNED,NON_ALIGNED,grey
BA,Bosnia and Herzegovina,NON_ALIGNED,NON_ALIGNED,grey
BW,Botswana,NON_ALIGNED,NON_ALIGNED,grey
BR,Brazil,NON_ALIGNED,NON_ALIGNED,grey
BN,Brunei,NON_ALIGNED,NON_ALIGNED,grey
BG,Bulgaria,US,NATO,blue
BF,Burkina Faso,NON_ALIGNED,NON_ALIGNED,grey
BI,Burundi,NON_ALIGNED,NON_ALIGNED,grey
KH,Cambodia,CHN,CHINA_BLOC,yellow
CM,Cameroon,NON_ALIGNED,NON_ALIGNED,grey
CA,Canada,US,NATO,blue
CV,Cape Verde,NON_ALIGNED,NON_ALIGNED,grey
CF,Central African Republic,NON_ALIGNED,NON_ALIGNED,grey
TD,Chad,NON_ALIGNED,NON_ALIGNED,grey
CL,Chile,NON_ALIGNED,NON_ALIGNED,grey
CN,China,CHN,CHINA_BLOC,yellow
CO,Colombia,US,US_ALLIED,blue
KM,Comoros,NON_ALIGNED,NON_ALIGNED,grey
CG,Congo,NON_ALIGNED,NON_ALIGNED,grey
CD,Democratic Republic of the Congo,NON_ALIGNED,NON_ALIGNED,grey
CR,Costa Rica,NON_ALIGNED,NON_ALIGNED,grey
CI,Cote d'Ivoire,NON_ALIGNED,NON_ALIGNED,grey
HR,Croatia,US,NATO,blue
CU,Cuba,CHN,CHINA_BLOC,yellow
CY,Cyprus,NON_ALIGNED,NON_ALIGNED,grey
CZ,Czech Republic,US,NATO,blue
DK,Denmark,US,NATO,blue
DJ,Djibouti,NON_ALIGNED,NON_ALIGNED,grey
DM,Dominica,NON_ALIGNED,NON_ALIGNED,grey
DO,Dominican Republic,NON_ALIGNED,NON_ALIGNED,grey
EC,Ecuador,NON_ALIGNED,NON_ALIGNED,grey
EG,Egypt,NON_ALIGNED,NON_ALIGNED,grey
SV,El Salvador,NON_ALIGNED,NON_ALIGNED,grey
GQ,Equatorial Guinea,NON_ALIGNED,NON_ALIGNED,grey
ER,Eritrea,NON_ALIGNED,NON_ALIGNED,grey
EE,Estonia,US,NATO,blue
SZ,Eswatini,NON_ALIGNED,NON_ALIGNED,grey
ET,Ethiopia,NON_ALIGNED,NON_ALIGNED,grey
FJ,Fiji,NON_ALIGNED,NON_ALIGNED,grey
FI,Finland,US,NATO,blue
FR,France,US,NATO,blue
GA,Gabon,NON_ALIGNED,NON_ALIGNED,grey
GM,Gambia,NON_ALIGNED,NON_ALIGNED,grey
GE,Georgia,US,US_ALLIED,blue
DE,Germany,US,NATO,blue
GH,Ghana,NON_ALIGNED,NON_ALIGNED,grey
GR,Greece,US,NATO,blue
GD,Grenada,NON_ALIGNED,NON_ALIGNED,grey
GT,Guatemala,NON_ALIGNED,NON_ALIGNED,grey
GN,Guinea,NON_ALIGNED,NON_ALIGNED,grey
GW,Guinea Bissau,NON_ALIGNED,NON_ALIGNED,grey
GY,Guyana,NON_ALIGNED,NON_ALIGNED,grey
HT,Haiti,NON_ALIGNED,NON_ALIGNED,grey
HN,Honduras,NON_ALIGNED,NON_ALIGNED,grey
HU,Hungary,US,NATO,blue
IS,Iceland,US,NATO,blue
IN,India,NON_ALIGNED,NON_ALIGNED,grey
ID,Indonesia,NON_ALIGNED,NON_ALIGNED,grey
IR,Iran,RUS,RUSSIAN_BLOC,red
IQ,Iraq,NON_ALIGNED,NON_ALIGNED,grey
IE,Ireland,NON_ALIGNED,NON_ALIGNED,grey
IL,Israel,US,US_ALLIED,blue
IT,Italy,US,NATO,blue
JM,Jamaica,NON_ALIGNED,NON_ALIGNED,grey
JP,Japan,US,US_ALLIED,blue
JO,Jordan,US,US_ALLIED,blue
KZ,Kazakhstan,NON_ALIGNED,NON_ALIGNED,grey
KE,Kenya,NON_ALIGNED,NON_ALIGNED,grey
KI,Kiribati,NON_ALIGNED,NON_ALIGNED,grey
KP,North Korea,RUS,RUSSIAN_BLOC,red
KR,South Korea,US,US_ALLIED,blue
KW,Kuwait,US,US_ALLIED,blue
KG,Kyrgyzstan,NON_ALIGNED,NON_ALIGNED,grey
LA,Laos,CHN,CHINA_BLOC,yellow
LV,Latvia,US,NATO,blue
LB,Lebanon,NON_ALIGNED,NON_ALIGNED,grey
LS,Lesotho,NON_ALIGNED,NON_ALIGNED,grey
LR,Liberia,NON_ALIGNED,NON_ALIGNED,grey
LY,Libya,NON_ALIGNED,NON_ALIGNED,grey
LI,Liechtenstein,NON_ALIGNED,NON_ALIGNED,grey
LT,Lithuania,US,NATO,blue
LU,Luxembourg,US,NATO,blue
MG,Madagascar,NON_ALIGNED,NON_ALIGNED,grey
MW,Malawi,NON_ALIGNED,NON_ALIGNED,grey
MY,Malaysia,NON_ALIGNED,NON_ALIGNED,grey
MV,Maldives,NON_ALIGNED,NON_ALIGNED,grey
ML,Mali,NON_ALIGNED,NON_ALIGNED,grey
MT,Malta,NON_ALIGNED,NON_ALIGNED,grey
MH,Marshall Islands,US,US_ALLIED,blue
MR,Mauritania,NON_ALIGNED,NON_ALIGNED,grey
MU,Mauritius,NON_ALIGNED,NON_ALIGNED,grey
MX,Mexico,NON_ALIGNED,NON_ALIGNED,grey
FM,Micronesia,US,US_ALLIED,blue
MD,Moldova,NON_ALIGNED,NON_ALIGNED,grey
MC,Monaco,NON_ALIGNED,NON_ALIGNED,grey
MN,Mongolia,NON_ALIGNED,NON_ALIGNED,grey
ME,Montenegro,US,NATO,blue
MA,Morocco,US,US_ALLIED,blue
MZ,Mozambique,NON_ALIGNED,NON_ALIGNED,grey
MM,Myanmar,CHN,CHINA_BLOC,yellow
NA,Namibia,NON_ALIGNED,NON_ALIGNED,grey
NR,Nauru,NON_ALIGNED,NON_ALIGNED,grey
NP,Nepal,NON_ALIGNED,NON_ALIGNED,grey
NL,Netherlands,US,NATO,blue
NZ,New Zealand,US,US_ALLIED,blue
NI,Nicaragua,RUS,RUSSIAN_BLOC,red
NE,Niger,NON_ALIGNED,NON_ALIGNED,grey
NG,Nigeria,NON_ALIGNED,NON_ALIGNED,grey
MK,North Macedonia,US,NATO,blue
NO,Norway,US,NATO,blue
OM,Oman,NON_ALIGNED,NON_ALIGNED,grey
PK,Pakistan,CHN,CHINA_BLOC,yellow
PW,Palau,US,US_ALLIED,blue
PA,Panama,NON_ALIGNED,NON_ALIGNED,grey
PG,Papua New Guinea,NON_ALIGNED,NON_ALIGNED,grey
PY,Paraguay,NON_ALIGNED,NON_ALIGNED,grey
PE,Peru,NON_ALIGNED,NON_ALIGNED,grey
PH,Philippines,US,US_ALLIED,blue
PL,Poland,US,NATO,blue
PT,Portugal,US,NATO,blue
QA,Qatar,US,US_ALLIED,blue
RO,Romania,US,NATO,blue
RU,Russia,RUS,RUSSIAN_BLOC,red
RW,Rwanda,NON_ALIGNED,NON_ALIGNED,grey
KN,Saint Kitts and Nevis,NON_ALIGNED,NON_ALIGNED,grey
LC,Saint Lucia,NON_ALIGNED,NON_ALIGNED,grey
VC,Saint Vincent and the Grenadines,NON_ALIGNED,NON_ALIGNED,grey
WS,Samoa,NON_ALIGNED,NON_ALIGNED,grey
SM,San Marino,NON_ALIGNED,NON_ALIGNED,grey
ST,Sao Tome and Principe,NON_ALIGNED,NON_ALIGNED,grey
SA,Saudi Arabia,US,US_ALLIED,blue
SN,Senegal,NON_ALIGNED,NON_ALIGNED,grey
RS,Serbia,RUS,RUSSIAN_BLOC,red
SC,Seychelles,NON_ALIGNED,NON_ALIGNED,grey
SL,Sierra Leone,NON_ALIGNED,NON_ALIGNED,grey
SG,Singapore,US,US_ALLIED,blue
SK,Slovakia,US,NATO,blue
SI,Slovenia,US,NATO,blue
SB,Solomon Islands,CHN,CHINA_BLOC,yellow
SO,Somalia,NON_ALIGNED,NON_ALIGNED,grey
ZA,South Africa,NON_ALIGNED,NON_ALIGNED,grey
SS,South Sudan,NON_ALIGNED,NON_ALIGNED,grey
ES,Spain,US,NATO,blue
LK,Sri Lanka,NON_ALIGNED,NON_ALIGNED,grey
SD,Sudan,NON_ALIGNED,NON_ALIGNED,grey
SR,Suriname,NON_ALIGNED,NON_ALIGNED,grey
SE,Sweden,US,NATO,blue
CH,Switzerland,NON_ALIGNED,NON_ALIGNED,grey
SY,Syria,RUS,RUSSIAN_BLOC,red
TJ,Tajikistan,NON_ALIGNED,NON_ALIGNED,grey
TZ,Tanzania,NON_ALIGNED,NON_ALIGNED,grey
TH,Thailand,US,US_ALLIED,blue
TL,Timor Leste,NON_ALIGNED,NON_ALIGNED,grey
TG,Togo,NON_ALIGNED,NON_ALIGNED,grey
TO,Tonga,NON_ALIGNED,NON_ALIGNED,grey
TT,Trinidad and Tobago,NON_ALIGNED,NON_ALIGNED,grey
TN,Tunisia,NON_ALIGNED,NON_ALIGNED,grey
TR,Turkey,US,NATO,blue
TM,Turkmenistan,NON_ALIGNED,NON_ALIGNED,grey
TV,Tuvalu,NON_ALIGNED,NON_ALIGNED,grey
UG,Uganda,NON_ALIGNED,NON_ALIGNED,grey
UA,Ukraine,US,US_ALLIED,blue
AE,United Arab Emirates,US,US_ALLIED,blue
GB,United Kingdom,US,NATO,blue
US,United States,US,NATO,blue
UY,Uruguay,NON_ALIGNED,NON_ALIGNED,grey
UZ,Uzbekistan,NON_ALIGNED,NON_ALIGNED,grey
VU,Vanuatu,NON_ALIGNED,NON_ALIGNED,grey
VA,Vatican City,NON_ALIGNED,NON_ALIGNED,grey
VE,Venezuela,RUS,RUSSIAN_BLOC,red
VN,Vietnam,NON_ALIGNED,NON_ALIGNED,grey
YE,Yemen,NON_ALIGNED,NON_ALIGNED,grey
ZM,Zambia,NON_ALIGNED,NON_ALIGNED,grey
ZW,Zimbabwe,NON_ALIGNED,NON_ALIGNED,grey
