iso,country,bloc_primary,bloc_detail,color
AF,Afghanistan,NON_ALIGNED,NON_ALIGNED,grey
AL,Albania,US,NATO,blue
DZ,Algeria,RUS,RUSSIAN_BLOC,red
AD,Andorra,NON_ALIGNED,NON_ALIGNED,grey
AO,Angola,CHN,CHINA_BLOC,yellow
AG,Antigua and Barbuda,NON_ALIGNED,NON_ALIGNED,grey
AR,Argentina,US,US_ALLIED,blue
AM,Armenia,RUS,RUSSIAN_BLOC,red
AU,Australia,US,US_ALLIED,blue
AT,Austria,US,US_ALLIED,blue
AZ,Azerbaijan,NON_ALIGNED,NON_ALIGNED,grey
BS,Bahamas,US,US_ALLIED,blue
BH,Bahrain,US,US_ALLIED,blue
BD,Bangladesh,CHN,CHINA_BLOC,yellow
BB,Barbados,US,US_ALLIED,blue
BY,Belarus,RUS,RUSSIAN_BLOC,red
BE,Belgium,US,NATO,blue
BZ,Belize,US,US_ALLIED,blue
BJ,Benin,CHN,CHINA_BLOC,yellow
BT,Bhutan,NON_ALIGNED,NON_ALIGNED,grey
BO,Bolivia,NON_ALIGNED,NON_ALIGNED,grey
BA,Bosnia and Herzegovina,NON_ALIGNED,NON_ALIGNED,grey
BW,Botswana,US,US_ALLIED,blue
BR,Brazil,NON_ALIGNED,NON_ALIGNED,grey
BN,Brunei,NON_ALIGNED,NON_ALIGNED,grey
BG,Bulgaria,US,NATO,blue
BF,Burkina Faso,RUS,RUSSIAN_BLOC,red
BI,Burundi,RUS,RUSSIAN_BLOC,red
KH,Cambodia,CHN,CHINA_BLOC,yellow
CM,Cameroon,NON_ALIGNED,NON_ALIGNED,grey
CA,Canada,US,NATO,blue
CV,Cape Verde,CHN,CHINA_BLOC,yellow
CF,Central African Republic,RUS,RUSSIAN_BLOC,red
TD,Chad,RUS,RUSSIAN_BLOC,red
CL,Chile,US,US_ALLIED,blue
CN,China,CHN,CHINA_BLOC,yellow
CO,Colombia,US,US_ALLIED,blue
KM,Comoros,CHN,CHINA_BLOC,yellow
CG,Congo,CHN,CHINA_BLOC,yellow
CD,Democratic Republic of the Congo,NON_ALIGNED,NON_ALIGNED,grey
CR,Costa Rica,US,US_ALLIED,blue
CI,Cote d'Ivoire,NON_ALIGNED,NON_ALIGNED,grey
HR,Croatia,US,NATO,blue
CU,Cuba,CHN,CHINA_BLOC,yellow
CY,Cyprus,US,US_ALLIED,blue
CZ,Czech Republic,US,NATO,blue
DK,Denmark,US,NATO,blue
DJ,Djibouti,CHN,CHINA_BLOC,yellow
DM,Dominica,US,US_ALLIED,blue
DO,Dominican Republic,US,US_ALLIED,blue
EC,Ecuador,NON_ALIGNED,NON_ALIGNED,grey
EG,Egypt,CHN,CHINA_BLOC,yellow
SV,El Salvador,US,US_ALLIED,blue
GQ,Equatorial Guinea,RUS,RUSSIAN_BLOC,red
ER,Eritrea,RUS,RUSSIAN_BLOC,red
EE,Estonia,US,NATO,blue
SZ,Eswatini,NON_ALIGNED,NON_ALIGNED,grey
ET,Ethiopia,CHN,CHINA_BLOC,yellow
FJ,Fiji,US,US_ALLIED,blue
FI,Finland,US,NATO,blue
FR,France,US,NATO,blue
GA,Gabon,CHN,CHINA_BLOC,yellow
GM,Gambia,NON_ALIGNED,NON_ALIGNED,grey
GE,Georgia,US,US_ALLIED,blue
DE,Germany,US,NATO,blue
GH,Ghana,US,US_ALLIED,blue
GR,Greece,US,NATO,blue
GD,Grenada,US,US_ALLIED,blue
GT,Guatemala,US,US_ALLIED,blue
GN,Guinea,RUS,RUSSIAN_BLOC,red
GW,Guinea Bissau,NON_ALIGNED,NON_ALIGNED,grey
GY,Guyana,US,US_ALLIED,blue
HT,Haiti,US,US_ALLIED,blue
HN,Honduras,US,US_ALLIED,blue
HU,Hungary,US,NATO,blue
IS,Iceland,US,NATO,blue
IN,India,NON_ALIGNED,NON_ALIGNED,grey
ID,Indonesia,CHN,CHINA_BLOC,yellow
IR,Iran,RUS,RUSSIAN_BLOC,red
IQ,Iraq,RUS,RUSSIAN_BLOC,red
IE,Ireland,US,US_ALLIED,blue
IL,Israel,US,US_ALLIED,blue
IT,Italy,US,NATO,blue
JM,Jamaica,US,US_ALLIED,blue
JP,Japan,US,US_ALLIED,blue
JO,Jordan,US,US_ALLIED,blue
KZ,Kazakhstan,RUS,RUSSIAN_BLOC,red
KE,Kenya,US,US_ALLIED,blue
KI,Kiribati,CHN,CHINA_BLOC,yellow
KP,North Korea,RUS,RUSSIAN_BLOC,red
KR,South Korea,US,US_ALLIED,blue
KW,Kuwait,US,US_ALLIED,blue
KG,Kyrgyzstan,RUS,RUSSIAN_BLOC,red
LA,Laos,CHN,CHINA_BLOC,yellow
LV,Latvia,US,NATO,blue
LB,Lebanon,NON_ALIGNED,NON_ALIGNED,grey
LS,Lesotho,RUS,RUSSIAN_BLOC,red
LR,Liberia,US,US_ALLIED,blue
LY,Libya,RUS,RUSSIAN_BLOC,red
LI,Liechtenstein,NON_ALIGNED,NON_ALIGNED,grey
LT,Lithuania,US,NATO,blue
LU,Luxembourg,US,NATO,blue
MG,Madagascar,RUS,RUSSIAN_BLOC,red
MW,Malawi,US,US_ALLIED,blue
MY,Malaysia,CHN,CHINA_BLOC,yellow
MV,Maldives,CHN,CHINA_BLOC,yellow
ML,Mali,RUS,RUSSIAN_BLOC,red
MT,Malta,US,US_ALLIED,blue
MH,Marshall Islands,US,US_ALLIED,blue
MR,Mauritania,CHN,CHINA_BLOC,yellow
MU,Mauritius,NON_ALIGNED,NON_ALIGNED,grey
MX,Mexico,US,US_ALLIED,blue
FM,Micronesia,US,US_ALLIED,blue
MD,Moldova,NON_ALIGNED,NON_ALIGNED,grey
MC,Monaco,NON_ALIGNED,NON_ALIGNED,grey
MN,Mongolia,US,US_ALLIED,blue
ME,Montenegro,US,NATO,blue
MA,Morocco,US,US_ALLIED,blue
MZ,Mozambique,CHN,CHINA_BLOC,yellow
MM,Myanmar,CHN,CHINA_BLOC,yellow
NA,Namibia,US,US_ALLIED,blue
NR,Nauru,NON_ALIGNED,NON_ALIGNED,grey
NP,Nepal,CHN,CHINA_BLOC,yellow
NL,Netherlands,US,NATO,blue
NZ,New Zealand,US,US_ALLIED,blue
NI,Nicaragua,RUS,RUSSIAN_BLOC,red
NE,Niger,RUS,RUSSIAN_BLOC,red
NG,Nigeria,NON_ALIGNED,NON_ALIGNED,grey
MK,North Macedonia,US,NATO,blue
NO,Norway,US,NATO,blue
OM,Oman,US,US_ALLIED,blue
PK,Pakistan,CHN,CHINA_BLOC,yellow
PW,Palau,US,US_ALLIED,blue
PA,Panama,US,US_ALLIED,blue
PG,Papua New Guinea,US,US_ALLIED,blue
PY,Paraguay,US,US_ALLIED,blue
PE,Peru,US,US_ALLIED,blue
PH,Philippines,US,US_ALLIED,blue
PL,Poland,US,NATO,blue
PT,Portugal,US,NATO,blue
QA,Qatar,US,US_ALLIED,blue
RO,Romania,US,NATO,blue
RU,Russia,RUS,RUSSIAN_BLOC,red
RW,Rwanda,NON_ALIGNED,NON_ALIGNED,grey
KN,Saint Kitts and Nevis,NON_ALIGNED,NON_ALIGNED,grey
LC,Saint Lucia,NON_ALIGNED,NON_ALIGNED,grey
VC,Saint Vincent and the Grenadines,NON_ALIGNED,NON_ALIGNED,grey
WS,Samoa,US,US_ALLIED,blue
SM,San Marino,NON_ALIGNED,NON_ALIGNED,grey
ST,Sao Tome and Principe,NON_ALIGNED,NON_ALIGNED,grey
SA,Saudi Arabia,US,US_ALLIED,blue
SN,Senegal,NON_ALIGNED,NON_ALIGNED,grey
RS,Serbia,RUS,RUSSIAN_BLOC,red
SC,Seychelles,CHN,CHINA_BLOC,yellow
SL,Sierra Leone,NON_ALIGNED,NON_ALIGNED,grey
SG,Singapore,US,US_ALLIED,blue
SK,Slovakia,US,NATO,blue
SI,Slovenia,US,NATO,blue
SB,Solomon Islands,CHN,CHINA_BLOC,yellow
SO,Somalia,CHN,CHINA_BLOC,yellow
ZA,South Africa,CHN,CHINA_BLOC,yellow
SS,South Sudan,RUS,RUSSIAN_BLOC,red
ES,Spain,US,NATO,blue
LK,Sri Lanka,CHN,CHINA_BLOC,yellow
SD,Sudan,RUS,RUSSIAN_BLOC,red
SR,Suriname,NON_ALIGNED,NON_ALIGNED,grey
SE,Sweden,US,NATO,blue
CH,Switzerland,NON_ALIGNED,NON_ALIGNED,grey
SY,Syria,RUS,RUSSIAN_BLOC,red
TJ,Tajikistan,RUS,RUSSIAN_BLOC,red
TZ,Tanzania,US,US_ALLIED,blue
TH,Thailand,CHN,CHINA_BLOC,yellow
TL,Timor Leste,US,US_ALLIED,blue
TG,Togo,CHN,CHINA_BLOC,yellow
TO,Tonga,NON_ALIGNED,NON_ALIGNED,grey
TT,Trinidad and Tobago,US,US_ALLIED,blue
TN,Tunisia,NON_ALIGNED,NON_ALIGNED,grey
TR,Turkey,US,NATO,blue
TM,Turkmenistan,RUS,RUSSIAN_BLOC,red
TV,Tuvalu,CHN,CHINA_BLOC,yellow
UG,Uganda,CHN,CHINA_BLOC,yellow
UA,Ukraine,US,US_ALLIED,blue
AE,United Arab Emirates,US,US_ALLIED,blue
GB,United Kingdom,US,NATO,blue
US,United States,US,NATO,blue
UY,Uruguay,US,US_ALLIED,blue
UZ,Uzbekistan,RUS,RUSSIAN_BLOC,red
VU,Vanuatu,CHN,CHINA_BLOC,yellow
VA,Vatican City,NON_ALIGNED,NON_ALIGNED,grey
VE,Venezuela,RUS,RUSSIAN_BLOC,red
VN,Vietnam,US,US_ALLIED,blue
YE,Yemen,NON_ALIGNED,NON_ALIGNED,grey
ZM,Zambia,CHN,CHINA_BLOC,yellow
ZW,Zimbabwe,CHN,CHINA_BLOC,yellow
