{
  "UnitedStates": {
    "total_warheads_class": "very_large",
    "approx_total_range": [3500, 5800],
    "strike_units": 850,
    "max_regional_range_km": 3500,
    "max_intercontinental_range_km": 12000,
    "delivery_mix": {
      "icbm": 0.35,
      "slbm": 0.45,
      "air": 0.20
    },
    "phase_shares": {
      "wave1": 0.35,
      "wave2": 0.35,
      "wave3": 0.20,
      "reserve": 0.10
    },
    "yield_classes": {
      "low": "sub-20kt",
      "medium": "20-150kt",
      "high": "150kt+"
    }
  },

  "Russia": {
    "total_warheads_class": "very_large",
    "approx_total_range": [3500, 6000],
    "strike_units": 900,
    "max_regional_range_km": 3500,
    "max_intercontinental_range_km": 12000,
    "delivery_mix": {
      "icbm": 0.40,
      "slbm": 0.35,
      "air": 0.25
    },
    "phase_shares": {
      "wave1": 0.40,
      "wave2": 0.35,
      "wave3": 0.15,
      "reserve": 0.10
    },
    "yield_classes": {
      "low": "sub-20kt",
      "medium": "20-200kt",
      "high": "200kt+"
    }
  },

  "China": {
    "total_warheads_class": "large_growing",
    "approx_total_range": [500, 900],
    "strike_units": 180,
    "max_regional_range_km": 4000,
    "max_intercontinental_range_km": 12000,
    "delivery_mix": {
      "icbm": 0.25,
      "slbm": 0.25,
      "air": 0.50
    },
    "phase_shares": {
      "wave1": 0.30,
      "wave2": 0.40,
      "wave3": 0.20,
      "reserve": 0.10
    },
    "yield_classes": {
      "low": "sub-20kt",
      "medium": "20-150kt",
      "high": "150kt+"
    }
  },

  "France": {
    "total_warheads_class": "medium",
    "approx_total_range": [250, 350],
    "strike_units": 60,
    "max_regional_range_km": 5000,
    "max_intercontinental_range_km": 8000,
    "delivery_mix": {
      "slbm": 0.70,
      "air": 0.30
    },
    "phase_shares": {
      "wave1": 0.50,
      "wave2": 0.30,
      "wave3": 0.20,
      "reserve": 0.00
    },
    "yield_classes": {
      "low": "sub-10kt",
      "medium": "10-100kt",
      "high": "100kt+"
    }
  },

  "UnitedKingdom": {
    "total_warheads_class": "medium",
    "approx_total_range": [200, 300],
    "strike_units": 50,
    "max_regional_range_km": 5000,
    "max_intercontinental_range_km": 10000,
    "delivery_mix": {
      "slbm": 1.0
    },
    "phase_shares": {
      "wave1": 0.50,
      "wave2": 0.30,
      "wave3": 0.20,
      "reserve": 0.00
    },
    "yield_classes": {
      "low": "sub-10kt",
      "medium": "10-100kt",
      "high": "100kt+"
    }
  },

  "India": {
    "total_warheads_class": "small_to_medium",
    "approx_total_range": [160, 220],
    "strike_units": 25,
    "max_regional_range_km": 5000,
    "max_intercontinental_range_km": 7000,
    "delivery_mix": {
      "land_based": 0.60,
      "air": 0.30,
      "slbm": 0.10
    },
    "phase_shares": {
      "wave1": 0.40,
      "wave2": 0.40,
      "wave3": 0.20,
      "reserve": 0.00
    },
    "yield_classes": {
      "low": "sub-10kt",
      "medium": "10-50kt",
      "high": "50kt+"
    }
  },

  "Pakistan": {
    "total_warheads_class": "small_to_medium",
    "approx_total_range": [170, 250],
    "strike_units": 25,
    "max_regional_range_km": 3000,
    "max_intercontinental_range_km": 0,
    "delivery_mix": {
      "land_based": 0.80,
      "air": 0.20
    },
    "phase_shares": {
      "wave1": 0.50,
      "wave2": 0.50,
      "wave3": 0.00,
      "reserve": 0.00
    },
    "yield_classes": {
      "low": "sub-10kt",
      "medium": "10-40kt",
      "high": "40kt+"
    }
  },

  "Israel": {
    "total_warheads_class": "small",
    "approx_total_range": [80, 100],
    "strike_units": 20,
    "max_regional_range_km": 2500,
    "max_intercontinental_range_km": 5000,
    "delivery_mix": {
      "air": 0.40,
      "land_based": 0.30,
      "submarine_cruise": 0.30
    },
    "phase_shares": {
      "wave1": 0.60,
      "wave2": 0.40,
      "wave3": 0.00,
      "reserve": 0.00
    },
    "yield_classes": {
      "low": "sub-10kt",
      "medium": "10-40kt",
      "high": "40kt+"
    }
  },

  "NorthKorea": {
    "total_warheads_class": "very_small",
    "approx_total_range": [20, 60],
    "strike_units": 15,
    "max_regional_range_km": 4000,
    "max_intercontinental_range_km": 4500,
    "delivery_mix": {
      "srbm_mrbm": 0.75,
      "irbm": 0.20,
      "icbm": 0.05
    },
    "phase_shares": {
      "wave1": 0.50,
      "wave2": 0.30,
      "wave3": 0.20,
      "reserve": 0.00
    },
    "yield_classes": {
      "low": "sub-10kt",
      "medium": "10-30kt",
      "high": "30kt+"
    }
  }
}
