iso,country,bloc_primary,bloc_detail,color,score_us,score_ru,score_cn,primary_sphere,allegiance_index,tilt
AF,Afghanistan,NON_ALIGNED,NON_ALIGNED,grey,-5,2,3,CHN,-7.5,Anti-US
AL,Albania,US,NATO,blue,4,-4,-2,US,7.0,US-aligned
DZ,Algeria,RUS,RUSSIAN_BLOC,red,-3,4,1,RUS,-5.5,Russia-aligned
AD,Andorra,NON_ALIGNED,NON_ALIGNED,grey,1,-1,-1,BALANCED,2.0,Neutral/Low-Alignment
AO,Angola,CHN,CHINA_BLOC,yellow,-2,1,4,CHN,-4.5,China-aligned
AG,Antigua and Barbuda,NON_ALIGNED,NON_ALIGNED,grey,1,-1,1,BALANCED,1.0,Neutral/Low-Alignment
AR,Argentina,US,US_ALLIED,blue,2,-1,2,BALANCED,1.5,US-aligned
AM,Armenia,RUS,RUSSIAN_BLOC,red,-1,3,0,RUS,-2.5,Russia-aligned
AU,Australia,US,US_ALLIED,blue,5,-4,-5,US,9.5,US-aligned
AT,Austria,US,US_ALLIED,blue,2,-1,-1,US,3.0,US-aligned
AZ,Azerbaijan,NON_ALIGNED,NON_ALIGNED,grey,1,1,1,BALANCED,0.0,Neutral/Low-Alignment
BS,Bahamas,US,US_ALLIED,blue,2,-1,0,US,2.5,US-aligned
BH,Bahrain,US,US_ALLIED,blue,5,-4,-1,US,7.5,US-aligned
BD,Bangladesh,CHN,CHINA_BLOC,yellow,0,2,4,CHN,-3.0,China-aligned
BB,Barbados,US,US_ALLIED,blue,2,-1,1,US,2.0,US-aligned
BY,Belarus,RUS,RUSSIAN_BLOC,red,-5,5,1,RUS,-8.0,Russia-aligned
BE,Belgium,US,NATO,blue,4,-4,-2,US,7.0,US-aligned
BZ,Belize,US,US_ALLIED,blue,2,-1,0,US,2.5,US-aligned
BJ,Benin,CHN,CHINA_BLOC,yellow,0,-1,4,CHN,-1.5,China-aligned
BT,Bhutan,NON_ALIGNED,NON_ALIGNED,grey,-1,-1,0,BALANCED,-0.5,Neutral/Low-Alignment
BO,Bolivia,NON_ALIGNED,NON_ALIGNED,grey,-2,1,2,CHN,-3.5,China-aligned
BA,Bosnia and Herzegovina,NON_ALIGNED,NON_ALIGNED,grey,1,1,0,BALANCED,0.5,Neutral/Low-Alignment
BW,Botswana,US,US_ALLIED,blue,2,-1,1,US,2.0,US-aligned
BR,Brazil,NON_ALIGNED,NON_ALIGNED,grey,1,1,2,CHN,-0.5,China-aligned
BN,Brunei,NON_ALIGNED,NON_ALIGNED,grey,1,-1,2,CHN,0.5,China-aligned
BG,Bulgaria,US,NATO,blue,4,-3,-1,US,6.0,US-aligned
BF,Burkina Faso,RUS,RUSSIAN_BLOC,red,-4,4,0,RUS,-6.0,Russia-aligned
BI,Burundi,RUS,RUSSIAN_BLOC,red,-2,3,2,RUS,-4.5,Russia-aligned
KH,Cambodia,CHN,CHINA_BLOC,yellow,-4,-1,5,CHN,-6.0,China-aligned
CM,Cameroon,NON_ALIGNED,NON_ALIGNED,grey,1,-1,3,CHN,0.0,China-aligned
CA,Canada,US,NATO,blue,5,-5,-3,US,9.0,US-aligned
CV,Cape Verde,CHN,CHINA_BLOC,yellow,2,-1,1,US,2.0,US-aligned
CF,Central African Republic,RUS,RUSSIAN_BLOC,red,-4,5,0,RUS,-6.5,Russia-aligned
TD,Chad,RUS,RUSSIAN_BLOC,red,-1,3,0,RUS,-2.5,Russia-aligned
CL,Chile,US,US_ALLIED,blue,3,-2,2,US,3.0,US-aligned
CN,China,CHN,CHINA_BLOC,yellow,-5,2,5,CHN,-8.5,China-aligned
CO,Colombia,US,US_ALLIED,blue,4,-2,1,US,4.5,US-aligned
KM,Comoros,CHN,CHINA_BLOC,yellow,-1,-1,3,CHN,-2.0,China-aligned
CG,Congo,CHN,CHINA_BLOC,yellow,-1,1,4,CHN,-3.5,China-aligned
CR,Costa Rica,US,US_ALLIED,blue,3,-2,-1,US,4.5,US-aligned
CI,Cote d'Ivoire,NON_ALIGNED,NON_ALIGNED,grey,0,-1,3,CHN,-1.0,China-aligned
HR,Croatia,US,NATO,blue,4,-3,-1,US,6.0,US-aligned
CU,Cuba,CHN,CHINA_BLOC,yellow,-5,4,3,RUS,-8.5,Anti-US
CY,Cyprus,US,US_ALLIED,blue,1,1,-1,BALANCED,1.0,Neutral/Low-Alignment
CZ,Czech Republic,US,NATO,blue,4,-4,-1,US,6.5,US-aligned
CD,Democratic Republic of the Congo,NON_ALIGNED,NON_ALIGNED,grey,-1,0,4,CHN,-3.0,China-aligned
DK,Denmark,US,NATO,blue,5,-4,-2,US,8.0,US-aligned
DJ,Djibouti,CHN,CHINA_BLOC,yellow,1,-1,5,CHN,-1.0,China-aligned
DM,Dominica,US,US_ALLIED,blue,1,-1,1,BALANCED,1.0,Neutral/Low-Alignment
DO,Dominican Republic,US,US_ALLIED,blue,3,-2,0,US,4.0,US-aligned
EC,Ecuador,NON_ALIGNED,NON_ALIGNED,grey,1,-1,2,CHN,0.5,China-aligned
EG,Egypt,CHN,CHINA_BLOC,yellow,2,1,3,CHN,0.0,China-aligned
SV,El Salvador,US,US_ALLIED,blue,3,-2,1,US,3.5,US-aligned
GQ,Equatorial Guinea,RUS,RUSSIAN_BLOC,red,0,1,4,CHN,-2.5,China-aligned
ER,Eritrea,RUS,RUSSIAN_BLOC,red,-4,4,3,RUS,-7.5,Russia-aligned
EE,Estonia,US,NATO,blue,5,-5,-2,US,8.5,US-aligned
SZ,Eswatini,NON_ALIGNED,NON_ALIGNED,grey,1,-1,-3,BALANCED,3.0,Anti-China
ET,Ethiopia,CHN,CHINA_BLOC,yellow,-1,1,4,CHN,-3.5,China-aligned
FJ,Fiji,US,US_ALLIED,blue,2,-1,1,US,2.0,US-aligned
FI,Finland,US,NATO,blue,5,-5,-1,US,8.0,US-aligned
FR,France,US,NATO,blue,4,-4,-1,US,6.5,US-aligned
GA,Gabon,CHN,CHINA_BLOC,yellow,-1,0,4,CHN,-3.0,China-aligned
GM,Gambia,NON_ALIGNED,NON_ALIGNED,grey,1,-1,1,BALANCED,1.0,Neutral/Low-Alignment
GE,Georgia,US,US_ALLIED,blue,4,-4,0,US,6.0,US-aligned
DE,Germany,US,NATO,blue,5,-5,-1,US,8.0,US-aligned
GH,Ghana,US,US_ALLIED,blue,2,-1,2,BALANCED,1.5,US-aligned
GR,Greece,US,NATO,blue,4,-3,1,US,5.0,US-aligned
GD,Grenada,US,US_ALLIED,blue,2,-1,1,US,2.0,US-aligned
GT,Guatemala,US,US_ALLIED,blue,3,-2,-1,US,4.5,US-aligned
GN,Guinea,RUS,RUSSIAN_BLOC,red,-2,4,2,RUS,-5.0,Russia-aligned
GW,Guinea Bissau,NON_ALIGNED,NON_ALIGNED,grey,0,1,2,CHN,-1.5,China-aligned
GY,Guyana,US,US_ALLIED,blue,3,-1,1,US,3.0,US-aligned
HT,Haiti,US,US_ALLIED,blue,2,-1,1,US,2.0,US-aligned
HN,Honduras,US,US_ALLIED,blue,1,-1,3,CHN,0.0,China-aligned
HU,Hungary,US,NATO,blue,1,2,2,BALANCED,-1.0,Russia-aligned
IS,Iceland,US,NATO,blue,4,-3,-1,US,6.0,US-aligned
IN,India,NON_ALIGNED,NON_ALIGNED,grey,2,2,1,BALANCED,0.5,US-aligned
ID,Indonesia,CHN,CHINA_BLOC,yellow,1,0,3,CHN,-0.5,China-aligned
IR,Iran,RUS,RUSSIAN_BLOC,red,-5,5,4,RUS,-9.5,Russia-aligned
IQ,Iraq,RUS,RUSSIAN_BLOC,red,1,3,2,RUS,-1.5,Russia-aligned
IE,Ireland,US,US_ALLIED,blue,3,-3,-1,US,5.0,US-aligned
IL,Israel,US,US_ALLIED,blue,5,-3,-2,US,7.5,US-aligned
IT,Italy,US,NATO,blue,4,-3,-1,US,6.0,US-aligned
JM,Jamaica,US,US_ALLIED,blue,2,-1,1,US,2.0,US-aligned
JP,Japan,US,US_ALLIED,blue,5,-4,-5,US,9.5,US-aligned
JO,Jordan,US,US_ALLIED,blue,4,-1,-1,US,5.0,US-aligned
KZ,Kazakhstan,RUS,RUSSIAN_BLOC,red,-1,3,3,BALANCED,-4.0,Russia-aligned
KE,Kenya,US,US_ALLIED,blue,3,-1,2,US,2.5,US-aligned
KI,Kiribati,CHN,CHINA_BLOC,yellow,-1,0,4,CHN,-3.0,China-aligned
KW,Kuwait,US,US_ALLIED,blue,4,-2,0,US,5.0,US-aligned
KG,Kyrgyzstan,RUS,RUSSIAN_BLOC,red,-2,4,3,RUS,-5.5,Russia-aligned
LA,Laos,CHN,CHINA_BLOC,yellow,-4,0,5,CHN,-6.5,China-aligned
LV,Latvia,US,NATO,blue,4,-5,-1,US,7.0,Anti-Russia
LB,Lebanon,NON_ALIGNED,NON_ALIGNED,grey,-1,2,1,RUS,-2.5,Russia-aligned
LS,Lesotho,RUS,RUSSIAN_BLOC,red,-1,0,3,CHN,-2.5,China-aligned
LR,Liberia,US,US_ALLIED,blue,3,-1,1,US,3.0,US-aligned
LY,Libya,RUS,RUSSIAN_BLOC,red,-1,3,1,RUS,-3.0,Russia-aligned
LI,Liechtenstein,NON_ALIGNED,NON_ALIGNED,grey,1,-1,-1,BALANCED,2.0,Neutral/Low-Alignment
LT,Lithuania,US,NATO,blue,5,-5,-4,US,9.5,US-aligned
LU,Luxembourg,US,NATO,blue,4,-3,-1,US,6.0,US-aligned
MG,Madagascar,RUS,RUSSIAN_BLOC,red,-1,1,4,CHN,-3.5,China-aligned
MW,Malawi,US,US_ALLIED,blue,2,-1,2,BALANCED,1.5,US-aligned
MY,Malaysia,CHN,CHINA_BLOC,yellow,1,0,3,CHN,-0.5,China-aligned
MV,Maldives,CHN,CHINA_BLOC,yellow,0,-1,4,CHN,-1.5,China-aligned
ML,Mali,RUS,RUSSIAN_BLOC,red,-4,5,1,RUS,-7.0,Russia-aligned
MT,Malta,US,US_ALLIED,blue,2,-1,0,US,2.5,US-aligned
MH,Marshall Islands,US,US_ALLIED,blue,5,-2,-3,US,7.5,US-aligned
MR,Mauritania,CHN,CHINA_BLOC,yellow,1,1,2,CHN,-0.5,China-aligned
MU,Mauritius,NON_ALIGNED,NON_ALIGNED,grey,1,-1,1,BALANCED,1.0,Neutral/Low-Alignment
MX,Mexico,US,US_ALLIED,blue,4,-2,1,US,4.5,US-aligned
FM,Micronesia,US,US_ALLIED,blue,5,-2,-2,US,7.0,US-aligned
MD,Moldova,NON_ALIGNED,NON_ALIGNED,grey,2,-2,0,US,3.0,US-aligned
MC,Monaco,NON_ALIGNED,NON_ALIGNED,grey,1,-1,-1,BALANCED,2.0,Neutral/Low-Alignment
MN,Mongolia,US,US_ALLIED,blue,2,1,1,US,1.0,US-aligned
ME,Montenegro,US,NATO,blue,3,-2,0,US,4.0,US-aligned
MA,Morocco,US,US_ALLIED,blue,4,-2,-1,US,5.5,US-aligned
MZ,Mozambique,CHN,CHINA_BLOC,yellow,-1,2,4,CHN,-4.0,China-aligned
MM,Myanmar,CHN,CHINA_BLOC,yellow,-4,2,5,CHN,-7.5,China-aligned
NA,Namibia,NON_ALIGNED,NON_ALIGNED,grey,1,0,3,CHN,-0.5,China-aligned
NR,Nauru,NON_ALIGNED,NON_ALIGNED,grey,-1,0,4,CHN,-3.0,China-aligned
NP,Nepal,CHN,CHINA_BLOC,yellow,0,-1,3,CHN,-1.0,China-aligned
NL,Netherlands,US,NATO,blue,5,-4,-2,US,8.0,US-aligned
NZ,New Zealand,US,US_ALLIED,blue,4,-2,-1,US,5.5,US-aligned
NI,Nicaragua,RUS,RUSSIAN_BLOC,red,-5,4,2,RUS,-8.0,Anti-US
NE,Niger,RUS,RUSSIAN_BLOC,red,-4,5,2,RUS,-7.5,Russia-aligned
NG,Nigeria,NON_ALIGNED,NON_ALIGNED,grey,2,0,2,BALANCED,1.0,US-aligned
KP,North Korea,RUS,RUSSIAN_BLOC,red,-5,4,5,CHN,-9.5,China-aligned
MK,North Macedonia,US,NATO,blue,4,-3,-1,US,6.0,US-aligned
NO,Norway,US,NATO,blue,5,-5,-1,US,8.0,US-aligned
OM,Oman,US,US_ALLIED,blue,3,0,1,US,2.5,US-aligned
PK,Pakistan,CHN,CHINA_BLOC,yellow,-3,1,5,CHN,-6.0,China-aligned
PW,Palau,US,US_ALLIED,blue,5,-2,-4,US,8.0,US-aligned
PA,Panama,US,US_ALLIED,blue,3,-1,1,US,3.0,US-aligned
PG,Papua New Guinea,US,US_ALLIED,blue,3,0,2,US,2.0,US-aligned
PY,Paraguay,US,US_ALLIED,blue,4,-1,-4,US,6.5,US-aligned
PE,Peru,US,US_ALLIED,blue,2,-1,2,BALANCED,1.5,US-aligned
PH,Philippines,US,US_ALLIED,blue,5,-2,-4,US,8.0,US-aligned
PL,Poland,US,NATO,blue,5,-5,-2,US,8.5,US-aligned
PT,Portugal,US,NATO,blue,4,-3,0,US,5.5,US-aligned
QA,Qatar,US,US_ALLIED,blue,3,1,2,US,1.5,US-aligned
RO,Romania,US,NATO,blue,4,-4,-1,US,6.5,US-aligned
RU,Russia,RUS,RUSSIAN_BLOC,red,-5,5,3,RUS,-9.0,Russia-aligned
RW,Rwanda,NON_ALIGNED,NON_ALIGNED,grey,2,-1,1,US,2.0,US-aligned
KN,Saint Kitts and Nevis,NON_ALIGNED,NON_ALIGNED,grey,2,-1,2,BALANCED,1.5,US-aligned
LC,Saint Lucia,NON_ALIGNED,NON_ALIGNED,grey,2,-1,2,BALANCED,1.5,US-aligned
VC,Saint Vincent and the Grenadines,NON_ALIGNED,NON_ALIGNED,grey,3,-1,-1,US,4.0,US-aligned
WS,Samoa,US,US_ALLIED,blue,0,-1,3,CHN,-1.0,China-aligned
SM,San Marino,NON_ALIGNED,NON_ALIGNED,grey,1,-1,-1,BALANCED,2.0,Neutral/Low-Alignment
ST,Sao Tome and Principe,NON_ALIGNED,NON_ALIGNED,grey,2,-1,-2,US,3.5,US-aligned
SA,Saudi Arabia,US,US_ALLIED,blue,2,2,3,CHN,-0.5,China-aligned
SN,Senegal,NON_ALIGNED,NON_ALIGNED,grey,2,-1,2,BALANCED,1.5,US-aligned
RS,Serbia,RUS,RUSSIAN_BLOC,red,-2,4,4,BALANCED,-6.0,Russia-aligned
SC,Seychelles,CHN,CHINA_BLOC,yellow,2,-1,2,BALANCED,1.5,US-aligned
SL,Sierra Leone,NON_ALIGNED,NON_ALIGNED,grey,2,-1,3,CHN,1.0,China-aligned
SG,Singapore,US,US_ALLIED,blue,4,-2,3,US,3.5,US-aligned
SK,Slovakia,US,NATO,blue,3,-3,-1,US,5.0,US-aligned
SI,Slovenia,US,NATO,blue,3,-3,-1,US,5.0,US-aligned
SB,Solomon Islands,CHN,CHINA_BLOC,yellow,-2,0,5,CHN,-4.5,China-aligned
SO,Somalia,CHN,CHINA_BLOC,yellow,2,0,2,BALANCED,1.0,US-aligned
ZA,South Africa,CHN,CHINA_BLOC,yellow,-1,3,3,BALANCED,-4.0,Russia-aligned
KR,South Korea,US,US_ALLIED,blue,5,-2,-4,US,8.0,US-aligned
SS,South Sudan,RUS,RUSSIAN_BLOC,red,2,0,3,CHN,0.5,China-aligned
ES,Spain,US,NATO,blue,4,-4,-1,US,6.5,US-aligned
LK,Sri Lanka,CHN,CHINA_BLOC,yellow,0,-1,4,CHN,-1.5,China-aligned
SD,Sudan,RUS,RUSSIAN_BLOC,red,-3,4,3,RUS,-6.5,Russia-aligned
SR,Suriname,NON_ALIGNED,NON_ALIGNED,grey,1,0,2,CHN,0.0,China-aligned
SE,Sweden,US,NATO,blue,5,-5,-2,US,8.5,US-aligned
CH,Switzerland,NON_ALIGNED,NON_ALIGNED,grey,2,-2,-1,US,3.5,US-aligned
SY,Syria,RUS,RUSSIAN_BLOC,red,-5,5,3,RUS,-9.0,Russia-aligned
TJ,Tajikistan,RUS,RUSSIAN_BLOC,red,-1,4,3,RUS,-4.5,Russia-aligned
TZ,Tanzania,US,US_ALLIED,blue,1,0,3,CHN,-0.5,China-aligned
TH,Thailand,CHN,CHINA_BLOC,yellow,2,0,4,CHN,0.0,China-aligned
TL,Timor Leste,US,US_ALLIED,blue,2,0,2,BALANCED,1.0,US-aligned
TG,Togo,CHN,CHINA_BLOC,yellow,1,1,3,CHN,-1.0,China-aligned
TO,Tonga,NON_ALIGNED,NON_ALIGNED,grey,1,-1,3,CHN,0.0,China-aligned
TT,Trinidad and Tobago,US,US_ALLIED,blue,3,-1,1,US,3.0,US-aligned
TN,Tunisia,NON_ALIGNED,NON_ALIGNED,grey,1,-1,2,CHN,0.5,China-aligned
TR,Turkey,US,NATO,blue,1,1,1,BALANCED,0.0,Neutral/Low-Alignment
TM,Turkmenistan,RUS,RUSSIAN_BLOC,red,-1,2,4,CHN,-4.0,China-aligned
TV,Tuvalu,CHN,CHINA_BLOC,yellow,4,-1,-4,US,6.5,US-aligned
UG,Uganda,CHN,CHINA_BLOC,yellow,-1,3,4,CHN,-4.5,China-aligned
UA,Ukraine,US,US_ALLIED,blue,5,-5,-1,US,8.0,US-aligned
AE,United Arab Emirates,US,US_ALLIED,blue,3,1,3,BALANCED,1.0,US-aligned
GB,United Kingdom,US,NATO,blue,5,-5,-2,US,8.5,US-aligned
US,United States,US,NATO,blue,5,-5,-5,US,10.0,US-aligned
UY,Uruguay,US,US_ALLIED,blue,2,-1,1,US,2.0,US-aligned
UZ,Uzbekistan,RUS,RUSSIAN_BLOC,red,0,2,3,CHN,-2.5,China-aligned
VU,Vanuatu,CHN,CHINA_BLOC,yellow,0,-1,4,CHN,-1.5,China-aligned
VA,Vatican City,NON_ALIGNED,NON_ALIGNED,grey,2,-1,-2,US,3.5,US-aligned
VE,Venezuela,RUS,RUSSIAN_BLOC,red,-5,5,3,RUS,-9.0,Russia-aligned
VN,Vietnam,US,US_ALLIED,blue,4,0,-5,US,6.5,Anti-China
YE,Yemen,NON_ALIGNED,NON_ALIGNED,grey,-2,2,0,RUS,-3.0,Russia-aligned
ZM,Zambia,CHN,CHINA_BLOC,yellow,1,0,4,CHN,-1.0,China-aligned
ZW,Zimbabwe,CHN,CHINA_BLOC,yellow,-4,3,5,CHN,-8.0,China-aligned
